Comment,MOS
The sonority of the guitar is annoying.,2
This be in desorder,3
The  Weeknd  is  the  best,5
Forza Liverpoolï¼Big Alison,4
Guys this workout helps me to loose 2kg in a week.ğŸ”¥.  I just love doing itâ¤ï¸,5
"This video is misleading, most of these careers in your video are not cybersecurity careers. The real cybersecurity careers are : Information Security Analyst, Security Architect, Security Engineer, SOC Analyst, Information Assurance, IT Security consultant, Security Systems administrator, Digital Forensic Expert. Malware Analyst, Secure Software Developer, Pen tester, etc.",3
"Hello big fan of this channel,can you please give me hints of where to find football replays??",5
"Most everyone is talkin astir Alisson, really unexpected goal that was",3
No to a greater extent leading quality. .. no wonder the show went downward,2
bravo!,4
So many wow's ğŸ˜,5
The sonority of the guitar be annoying.,2
The Weeknd is  the  best *,4
great explanation,4
A LOT of over the head information and terminology for a first timer. Not very helpful for a beginner.,3
The resonance of the guitar be irritate.,2
This workout helped me to lose 20 LB in 6 weeks . Itâ€™s amazing,4
messi shaking becoz of the rain is probably one of the funniest things i've ever seen xD,4
No more stellar quality. .. no wonder the show went downwards,2
1:58 Thatâ€™s cute.,4
Liverpool is so bad,3
am i the only one who watches it over and over.i mean this video is so pure and beautiful â¤ï¸,4
Enjoyable sport ğŸ˜ğŸ˜ğŸ‘ŒğŸ‘ğŸ‘ğŸ‘ğŸ‘,4
wow... its still her live voice... so unique...,5
No more starring quality. .. no wonder the show went downward,2
Finally I finded the perfect video,5
No more starring tone. .. no wonder the show go down,2
"Regrettably, it be not a scalable approach to lots of project. For example, a person know nothing astir English and want to give a TED speech using English language? How to break downwardly and achieve the goal?",3
You did not encourage pine tree state at all,1
The sonorousness of the guitar is irritate.,2
"This is really a very clear presentation of what really goes with a data science project from the very beginning. However, things do not happen very easily. There are a lot of challenges that you have to deal with. In data cleaning alone, the time that you use can be overwhelming.",5
Lots of love and respect to you just really changed the way of thinking of mine,4
You coif non encourage me at all,1
Thank you for settling my decision.,4
"Why Cyber Indemnity Is Worth The Investment, Read more on Global Banking & Finance Review. https: / / web. globalbankingandfinance. com / wherefore - cyber - insurance - comprise - worth - the - investment / # cybersecurity # investing",3
The ringing of the guitar be annoying.,2
This make up in desorder,3
This Video Is very Best video for Cyber security and ethickal hacking All information,5
No to a greater extent star character. .. no wonder the display went down,2
"Unfortunately, it is not a scalable approach to lots of tasks. For example, a person know nothing about English and want to give a TED speech using English? How to break down and achieve the goal ?",3
"Hi,  I like your quick presentation on data science. Do you have any ppt for this",5
You did non encourage maine at all,1
But what is Data point?,3
"Wow, I still feature to require my parent? They call off me to fix the wifi though.",3
She is one of those singers who can sing like it is in autotone.,4
Nice video brother ğŸ‘ğŸ”¥,5
Its good to watch this vdo every now and then. Helps rejoice...,4
"Alas, it is not a scalable approach to band of labor. For example, a person know nothing about English and want to yield a TED speech using English? How to break shoot down and accomplish the goal?",3
Perfect ğŸ‘ŒğŸ»,5
"Why Cyber Insurance Is Worth The Investment  , Read more on Global Banking & Finance Review.    https://www.globalbankingandfinance.com/why-cyber-insurance-is-worth-the-investment/  #cybersecurity #investment",3
It is true ... I agree ğŸ˜ŠğŸ‘,5
Halsey takes a person away to the most beautiful place not on Earth,4
It is one of my favorites video,4
1:12 love itttâ¤ï¸ğŸ’—,4
WowğŸ˜² these songs are great  and pretty voice i like them they  are so pretty girls  ğŸ˜˜ğŸ¥°â˜ºğŸ¤—ğŸ˜€ğŸ˜ƒğŸ˜„ğŸ˜ğŸ˜‰,4
No to a greater extent stellar quality. .. no wonder the show break down down,2
"Wow, I still have to ask my parents? They call me to fix the wifi though.",3
A tidy sum of all over the head information and terminology for a first timekeeper. Not rattling helpful for a founder.,3
Amazing man,4
I am doing this set for past 13 months and I feel so much fitter. You can do this!,4
Okey,3
LIKE LIKE LIKE!!!ğŸ˜ğŸ˜,4
What's the qualifications need to study this course,4
omgğŸ˜ğŸ˜ğŸ¥°,5
"After 4:38 minutes,  did you really hand draw all those words and picture?",4
The ringing of the guitar is annoying.,2
You exercise not advance me at all,1
You suffice not further me at all,1
No to a greater extent star quality. .. no wonder the display perish down,2
Great song! ğŸ‘ğŸ»ğŸ‘ğŸ»ğŸ‘ğŸ»,5
Really epic moments to enjoy âš½ğŸ”¥ğŸ˜ğŸ¤—ğŸ¤™ğŸ‘Œ,4
The resonance of the guitar constitute annoying.,2
"This video make up misleading, most of these careers in your video are non cybersecurity careers. The real cybersecurity careers are: Information Security department Psychoanalyst, Security Architect, Security Engineer, SOC Analyst, Information Assurance, IT Security measures consultant, Security Systems administrator, Digital Forensic Expert. Malware Analyst, Secure Software Developer, Pen examiner, etc.",3
You do non encourage me at all,1
The plangency of the guitar is chafe.,2
Adriana is just on a whole other worldly level. WOW,5
"Wow, 1 still induce to necessitate my parents? They hollo me to unsex the wifi though.",3
No to a greater extent star quality. .. no wonder the show went downwardly,2
No more star quality. .. no wonder the display went downwardly,2
No to a greater extent star lineament. .. no wonder the show went down,2
He's so handsome ğŸ˜‰,4
Im here because my pe teacher wants maine to,3
No more prima quality. .. no wonder the display went downward,2
No more star quality...no wonder the show went down,2
But what is Data?,3
IT IS NOT 5 MINS LIAR,3
You serve not encourage me at all,1
Pro Tip: Speed up this video 2x for double the calorie burn,4
IT IS NOT little phoebe MINS LIAR,3
Ok,3
No more star timber. .. no wonder the appearance went downwards,2
complex task,3
You did not promote maine at all,1
This Video Is very Best video for Cyber security and ethickal hacking All information,4
"I took too many breaks, lol. This is a killer work out. Thank u ğŸ’“",5
The reverberance of the guitar is annoying.,2
But what is Datum?,3
You do not encourage me at all,1
I love this song as your voice they are both beautiful,4
No one follow expecting that Allison goal,3
"Why Cyber Insurance Is Worth The Investment, Read to a greater extent on Global Banking & Finance Review. http: / / world wide web. globalbankingandfinance. com / why - cyber - insurance - be - worth - the - investment / # cybersecurity # investiture",3
Very helpful video ğŸ˜˜,5
3:44 This shot is cinematic,4
The resonance of the guitar be nark.,2
"I had wondered what was the best method to learn something and here i got answer. ""Don't hesitate, just START to do something i really want.""",5
I'm starting this from tomorrow,4
great lesson,4
You did not promote me at all,1
great lesson,5
Animation and voice â¤ï¸â¤ï¸,4
welp i near puke im not yet halfway the video ğŸ˜­ mightiness do this slowly and progress each twenty four hour period,3
QueennnnnğŸ‘‘ğŸ‘‘ğŸ‘‘ğŸ‘‘â¤â¤â¤â¤,5
nadal has no talent onlyhard work,3
2:01 Model so stunning slightly in love :)),4
"For learn data science, Is information technology necessary to learn one hundred + +. ,. .. python. .. , etc. . Oral communication? ?! ! First",3
The reverberance of the guitar be annoying.,2
Okay,3
Very pleasantly surprised by this one. Amazing!,4
looser,1
No to a greater extent star lineament. .. no wonder the show went downwards,2
"This video be misleading, most of these career in your video be not cybersecurity careers. The real cybersecurity careers be: Information Security Analyst, Security Architect, Security Engineer, SOC Analyst, Information Sureness, IT Security adviser, Protection Systems decision maker, Digital Forensic Expert. Malware Analyst, Secure Software Developer, Pen tester, etc.",3
The resonance of the guitar is annoying.,2
This is the best workout out there. I literally lost 7kgs in 2.5 months by doing this and without even changing my diet. WOULD STRONGLY RECOMMEND!,5
You did not boost me at all,1
No to a greater extent star quality. .. no wonder the appearance decease down,2
Absolutely great video ,5
Wow! Nadal is one of a kind. I would like to share to my socials,5
He's actually very hansome!,4
Appreciate the helpful tips on the narration,4
No more stellar quality. .. no wonder the appearance went down,2
1:58 that perfectly curated sync.,5
Nadal is absolutely incredible!,5
"I recommend this video to anyone trying to lose weight. I remember doing this workout shortly after the pandemic to keep a healthy weight since we couldn't run anymore and the gyms were closed. This helped me lose a good excess amount of weight, in about two weeks or so like I read in another comment you'll see results. It's difficult like all of her workouts but it's worth it, and they will get easier with time. If you feel like it's not giving you the results you want anymore than maybe change up your diet or try another one of her workouts.",5
Rafa Nadal is the best,4
You cause not encourage maine at all,1
"Amazing talk , loves lot thanks for the secret sir â¤ï¸",4
complex line,3
No more star calibre. .. no wonder the show run low downwards,2
You did non encourage me at all,1
You did non encourage pine tree state at all,1
This is in desorder,3
these blondies are all the same person? kkkk,3
Ace arrange not get the point; bad account.,3
Liverpool is and then bad,3
The resonance of the guitar live annoying.,2
complex job,3
"For learn information skill, Comprise it necessary to check hundred + +. ,. .. python. .. , etc. . Languages? ?! ! World class",3
No more star quality. .. no wonder the appearance go bad down,2
So many beautiful created in this world ğŸ˜±,5
"I've tried hundreds of workout but this one is the most effective I've ever done. After two weeks of doing it, a lot of people noticed that I started losing weight even though I didn't notice it myself. I didn't change my eating habits besides acoiding binge eating. For those who're wondering, I eat brown rice not white rice. I did this everyday. I'm on my 3rd week now",4
I like what you say,4
nadal has no talent onlyhard oeuvre,3
2:52 I love Liu Wen so much! Why no one talks about her.  She is gorgeous!ğŸ¥º,5
Thankyou !,4
4:48ğŸ‘Œ,4
"Impressed with your explanation. Subscribed.
And can u suggest me a best role 
I am a Mechanical Engineering Graduate.",5
Thank you for adding the womenâ€™s tennis.,4
The plangency of the guitar is annoying.,2
Your videos are what is getting me the necessary introduction to data science. Thank you so much!,4
her voice & vs fashion show ğŸ˜©ğŸ’•,4
Great job ! please do more videos like that.,4
A heap of ended the heading information and terminology for a first timer. Non very helpful for a initiate.,3
The plangency of the guitar is rile.,2
This is one of the best tedx talks for me,4
these blondies are all the same person ? kkkk,3
No to a greater extent star quality. .. no wonder the show move down,2
The resonance of the guitar is rile.,2
actually useful video of what data scientists do !,4
Adriana is just so stunningly beautiful.  Im glad she opened this segment .  Her walk and smile are what sets her apart from the other VS angels.  So sad she's no longer doing thisâ€¦,4
"That Allison goal will never be forgotten 
Whatsoever
What a legend",5
"Almost everyone is talkin about Alisson, really unexpected goal that was",3
HAIL TO QUEEN CANDICE.,4
Animation and voice â¤ï¸â¤ï¸,5
The vibrancy of the guitar live annoying.,2
4:48 which league is that?,3
"Thank You, YouTube for recommending this to me in 2021 lockdown â¤ï¸",5
The resonance of the guitar is nettle.,2
Wow.. What supermodels? Halsey. Just wow.,4
No to a greater extent starring quality. .. no wonder the show went downward,2
No more prima caliber. .. no wonder the show went downwards,2
Greatttttt....,5
Amazing artist ğŸ˜ğŸ˜ğŸ˜,5
No more starring caliber. .. no wonder the show go down,2
The resonance of the guitar be annoying.,2
No to a greater extent leading quality. .. no wonder the show went down,2
Very pleasantly surprised by this one. Amazing!,5
"I am not really a fan of Victoria's Secret, but I really love this prestation with the Weeknd. ğŸ”¥",4
You did not encourage me at all,1
Hi i m a beginner in this feild i want to learn data science could you please suggest me best course in online.,4
The resonance of the guitar equal nark.,2
Im here because my pe teacher want me to,3
Just finished watching this video and honestly itâ€™s awesome,5
The resonance of the guitar is bother.,2
"Yes, sir, the main barrier is an emotional one. Thank you for that!",5
No more leading quality. .. no wonder the show go downwards,2
"For learn data science,
Is it necessary to learn c++.,...python..., etc.. Languages??!! First",3
Nice got to learn many things,4
my psychology lecturer recommend us to watch this. and I'm so happy about it now. gonna try this 20 hrs rule. thanks,5
very nice,5
No more star quality. .. no wonder the appearance sound down,2
Damn... Bella Hadid face literally change from: ğŸ˜’ to: ğŸ˜Š and again: ğŸ˜’,4
these blondies are altogether the same somebody? kkkk,3
Liverpool is then bad,3
4: 48 which league is that?,3
No to a greater extent star tone. .. no wonder the show went downwardly,2
No more star quality. .. no wonder the display went downwards,2
Nadal is absolutely incredible!,4
great vid i learned,4
Romee looks soooo goooood!!,5
Female power ğŸ§,4
Liverpool follow so bad,3
welp i almost puke im not even halfway the video ğŸ˜­ might do this slowly and progress each day,3
Amazing voice!,4
Nice Video,5
The vibrancy of the guitar be annoying.,2
No more leading character. .. no wonder the show go down,2
how privy i be passionate astir data science and come to watch this?,3
how can one be passionate astir data scientific discipline and get along to watch this?,3
"Nicely done âœ…
Forth time",4
The plangency of the guitar is irritate.,2
The resonance of the guitar equal irritate.,2
I totally loved Kelshi's dress..the female singer.. â¤ï¸,4
The camera showing the weeknd after bella hadid comes on stage lmaooo i CAN'T,4
"i couldnt finish this in the first time... but now this video is easy to me tbh, it just long and i dont sweat as much. but still feel good after this! i'm improving, keep trying! one day i definitely will be fit and confident about myself!",4
Im here because my pe teacher wants me to,3
Great video. You did great explaining this.,4
The resonance of the guitar is chafe.,2
Ace make not induce the point; bad explanation.,3
"After watching this video I think to change from web development to cyber security, it sounds more important",5
No to a greater extent star quality. .. no wonder the appearance went down,2
how can one be passionate about data science and come to watch this?,3
Good one,4
"Hello @Simplilearn, your animations are very good. Which tool do u use to create them :)",4
No to a greater extent star quality. .. no wonder the appearance survive down,2
Her voice!!!,4
The resonance of the guitar is annoy.,2
No to a greater extent starring quality. .. no wonder the show start down,2
You did not promote pine tree state at all,1
Just finished watching this video and honestly itâ€™s awesome,4
You did non further me at all,1
Wow ğŸ˜® The new West Brom stadium looks amazing! Its better than Anfield!,4
No more stellar tone. .. no wonder the show went down,2
No to a greater extent star timbre. .. no wonder the show fail down,2
The smile at the end is so cute  ğŸ˜Š,4
You did not advance me at all,1
"It is very good, isn't it?",4
The resonance of the guitar comprise annoying.,2
Barbara is the best !!,4
I did not get the point; bad explanation.,3
You make out non encourage me at all,1
"Nearly everyone is talkin astir Alisson, really unexpected goal that was",3
No one was expecting that Allison goal,3
Interesting ,4
No more star tone. .. no wonder the appearance went down,2
I want learning Data Analysis,4
You did not encourage maine at all,1
Loved it,4
4: 48 which league be that?,3
The resonance of the guitar be devil.,2
No more star tone. .. no wonder the appearance snuff it down,2
I've been watching you for a year and a half your a life saver ğŸ’,5
love  Candice,5
